canonical,meaning,summary,formation,usage,nuance
〜の（代名詞）,the one; ones,Replaces a previously understood noun with の.,普通形 + の,Use when the omitted noun is clear from context.,Do not confuse this with nominalizing の.
名詞修飾節,noun-modifying clause,A clause placed before a noun to identify or describe that noun.,普通形 + 名詞,Use a plain-form clause directly before the noun it modifies.,The modified noun can take particles according to its role in the main clause.
〜時,when; at the time,Marks the time at which another event or state occurs.,普通形 + 時,"Use with nouns, adjectives and verbs to locate an event in time.",Tense inside the 時-clause is interpreted relative to the main event.
〜みたいだ,seems; looks like; is like,Casual expression for resemblance or inference.,普通形 / 名詞 + みたいだ,Use for resemblance and speaker inference in conversation.,More conversational than 〜ようだ.
〜ようだ,seems; appears; is like,Expresses resemblance or an inference based on available evidence.,普通形 + ようだ,"Use for resemblance, examples, or inference depending on context.",More formal/written than 〜みたいだ.
〜こと（名詞化）,the act/fact of; nominalizer,Turns a clause into a noun-like unit.,普通形 + こと,Use when a verb clause must function as a noun phrase.,Often sounds more abstract or formal than nominalizing の.
〜てから,after doing; since doing,Shows that one event follows completion of another.,Vて + から,Use when the second action occurs after the first is completed.,Different from causal から.
〜方,way of doing; how to,Forms a noun meaning the way or method of performing an action.,Vます-stem + 方,Use to ask or explain how something is done.,The resulting expression behaves as a noun.
可能形,can; be able to,Verb morphology expressing ability or possibility.,verb potential form,Use to express what someone can do or what is possible.,Particles may differ from the corresponding transitive construction.
〜前に,before doing,Places one event before another.,V辞書形 / Nの + 前に,Use when the main event happens before the reference event.,The verb before 前に normally appears in non-past form.
〜後で,after doing,Places one event after another.,Vた形 / Nの + 後で,Use when the main event happens after the reference event.,Often contrasts with 〜てから in how strongly sequence is emphasized.
〜ておく,do in advance; leave as is,Describes an action performed in preparation or a state intentionally left unchanged.,Vて + おく,Use for preparation or deliberately maintaining a resulting condition.,Casual speech often contracts ておく to とく.
〜たら,if; when; after,Conditional formed from the past-form base plus ら.,普通形た + ら,"Use for hypothetical conditions, discovered situations, or temporal sequence.",Flexible conditional; interpretation depends on context.
〜ようと思う,intend to; think I will,Expresses a decision or intention held by the speaker.,V意向形 + と思う,Use for personal plans or intentions.,〜と思っている presents an intention held over time.
〜も（強調）,as many/much as; even,Adds emphasis to a quantity or item beyond ordinary expectation.,数量 / 名詞 + も,Use when a quantity or item is noteworthy or surprising.,Meaning depends strongly on what も marks.
〜そうだ（伝聞）,I hear that; they say,Reports information obtained from another source.,普通形 + そうだ,Use to report hearsay without presenting it as direct observation.,Do not confuse with appearance 〜そうだ.
〜ながら,while doing,Links two actions performed by the same subject at the same time.,Vます-stem + ながら,Use when one person performs two overlapping actions.,The action after ながら is usually the main action.
〜てはいけない,must not; may not,Expresses prohibition.,Vて + はいけない,Use to state that an action is prohibited.,Can sound strong; softer alternatives are common in conversation.
〜なくてはいけない,must; have to,Expresses obligation through a negative conditional-like form.,Vなくて + はいけない,Use for duties and requirements.,Common spoken contractions include なくちゃ and なきゃ.
〜なくてもいい,do not have to,Expresses lack of necessity.,Vなくても + いい,Use to say an action is optional or unnecessary.,Not the same as prohibition.
自動詞・他動詞,intransitive and transitive verbs,Distinguishes events that occur without an expressed agent-object relation from actions done to an object.,自動詞 / 他動詞 pair,Use the verb type that matches whether the sentence describes a state/change or an intentional action on an object.,Japanese often lexicalizes this distinction with paired verbs.
〜ている,be doing; be in a resulting state,"Expresses ongoing activity, habitual action, or a state resulting from change.",Vて + いる,Interpret according to verb type and context.,With change-of-state intransitives it often describes the resulting state.
〜てある,has been done; is left done,Describes a resulting state intentionally created by someone.,他動詞Vて + ある,Use when a visible/current state is the result of a deliberate action.,"Focuses the resulting state, not the actor."
〜てしまう,finish completely; unfortunately do,Expresses completion or an unwanted/regrettable result.,Vて + しまう,Use for total completion or when the speaker views the outcome negatively.,Casual contractions include ちゃう / じゃう.
〜かもしれない,might; may,Expresses possibility with limited certainty.,普通形 + かもしれない,Use when something is possible but not certain.,Less certain than 〜だろう / 〜でしょう.
〜すぎる,too much; excessively,Indicates that a degree or action exceeds an appropriate level.,Vます-stem / A-stem + すぎる,"Use for excessive actions, qualities, or amounts.",Often carries a negative evaluation.
〜し,and; besides; because,"Lists parallel facts, reasons, or qualities.",普通形 + し,Use to give multiple reasons or add parallel information.,Often implies there are additional unstated reasons.
〜て欲しい,want someone to do,Expresses the speaker's desire for another person's action.,Vて + 欲しい,Use when the desired action is performed by someone else.,Can sound direct; relationship and politeness matter.
〜たらどうですか,why don't you; how about,Gives a suggestion using the たら conditional.,Vた + らどうですか,Use to suggest a course of action.,Politeness and tone can soften or strengthen the suggestion.
〜ていく,go and do; continue/change from now on,Combines て-form with 行く for movement away or development from the present forward.,Vて + いく,Use for movement away from the viewpoint or changes continuing into the future.,Contrasts with 〜てくる in viewpoint and temporal direction.
〜てくる,come and do; have come to; begin to,Combines て-form with 来る for movement toward the viewpoint or development up to the present.,Vて + くる,Use for movement toward the viewpoint or changes developing up to now.,Contrasts with 〜ていく.
〜ましょうか,shall I; shall we,Offers to do something or proposes joint action.,Vます-stem + ましょうか,Use as an offer when the speaker can perform the action.,Context distinguishes offer from proposal.
〜てあげる,do for someone,Expresses an action performed as a benefit for another person.,Vて + あげる,Use from the giver's viewpoint when the action benefits someone else.,Can sound patronizing if used toward higher-status people.
〜てくれる,do for me/us,Expresses someone doing something that benefits the speaker or speaker's in-group.,Vて + くれる,Use when the benefactor is outside the speaker's viewpoint and the recipient is the speaker/in-group.,Encodes viewpoint as well as benefit.
〜てもらう,have someone do; receive the favor of,Expresses receiving the benefit of another person's action.,Vて + もらう,Use from the recipient's viewpoint.,Often translates naturally as 'have/get someone to do'.
〜てくれてありがとう,thank you for doing,Thanks someone for an action that benefited the speaker.,Vて + くれてありがとう,Use in casual or neutral gratitude for an action.,Polite/honorific variants change the giving verb and thanks expression.
〜方がいい,had better; it is better to,Gives advice by comparing one course of action as preferable.,Vた / Vない + 方がいい,Use for positive or negative advice.,Can sound strong when unsolicited.
〜ないで,without doing; don't do and...,Links an action/state while another action is not performed.,Vない + で,Use for 'without doing' or in negative requests depending on context.,"Do not confuse with 〜なくて, which often links states/reasons."
〜やすい,easy to do; prone to,Describes an action as easy or a tendency as likely.,Vます-stem + やすい,Use for ease or tendency.,Functions like an い-adjective.
〜にくい,hard to do,Describes an action as difficult to perform.,Vます-stem + にくい,Use for practical or situational difficulty.,Functions like an い-adjective.
〜て（理由）,because; and so,The て-form can connect a cause or circumstance to a following result.,Vて / Aくて / N・Aで,Use when the first clause naturally explains the following state/result.,Less explicit than から or ので.
受身形,passive,Verb morphology that presents the affected participant as subject.,verb passive form,Use for ordinary passives and Japanese adversative passives.,Viewpoint determines which participant is foregrounded.
〜しか〜ない,only; nothing but,Marks an item as the sole possibility and requires a negative predicate.,N + しか + negative predicate,Use to emphasize limitation.,"Contrasts with だけ, which does not require negation."
〜ば,if,"Conditional form often used for general, logical, or hypothetical conditions.",verb/adjective ば-form,Use when the condition is presented as the basis for the result.,Restrictions depend on volition and clause relationship.
〜ばよかった,should have; wish I had,Expresses regret that a condition/action did not occur.,Vば + よかった,Use for hindsight and regret.,Negative form can express regret about having done something.
〜つもり,intend to; plan to,Expresses a relatively settled intention or plan.,V辞書形 / Vない + つもりだ,Use for planned future actions.,Usually stronger/more settled than a momentary 〜ようと思う.
〜間,during; while,Marks the whole duration of a period or ongoing event.,Nの / Vている + 間,Use when something continues throughout the interval.,Contrasts with 間に for an event occurring within the interval.
〜間に,while; during the time that,Marks an event occurring at some point within an interval.,Nの / Vている + 間に,Use for a bounded event inside an ongoing period.,Contrasts with 間 for continuous overlap.
〜ので,because; since,Gives a reason with a relatively explanatory or backgrounded tone.,普通形 + ので,"Use to explain circumstances or reasons, often more softly than から.",な-adjectives/nouns use な before ので.
使役形,causative,Verb morphology meaning make/let someone do.,verb causative form,"Use for permission, coercion, or causing an action.",Particles depend on transitivity and whether the causee is allowed or made to act.
〜か（埋め込み疑問）,whether; what/where/etc.,Embeds a question inside a larger sentence.,question clause + か,Use after question words or yes/no question clauses.,The embedded clause does not use sentence-final question intonation.
〜と（条件）,when; whenever; if,"Conditional used for automatic, habitual, or inevitable results.",普通形 + と,"Use for natural consequences, instructions, and recurring results.",Generally unsuitable when the result is a speaker-controlled command/request/intention.
〜といい,I hope; it would be good if,Expresses a desirable outcome or mild wish.,普通形 + といい,Use for hopes and wishes; variants differ by whose wish is expressed.,〜といいですね often expresses a shared or other-person-oriented hope.
〜ために,in order to; for the purpose of,Marks a purpose pursued intentionally.,V辞書形 / Nの + ために,Use when the subject intentionally acts toward a goal.,Often requires the same controlling subject across clauses.
〜まで,until; as far as,"Marks an endpoint in time, space, or range.",N / clause + まで,Use for continuation up to an endpoint.,"Contrasts with までに, which marks a deadline."
〜までに,by; by the time,Marks a deadline before which an event must occur.,N / clause + までに,Use for completion before an endpoint.,Does not mean an action continues continuously until that point.
〜なさい,do...,"Mild command form, often used by someone with authority or care toward someone lower/younger.",Vます-stem + なさい,"Use in instructions, parental/teacher commands, and set directives.",Not appropriate upward in status.
使役受身形,causative-passive,Verb morphology meaning be made/forced to do.,verb causative-passive form,"Use when the subject is caused to perform an action, often unwillingly.",Commonly conveys burden or lack of control.
まだ／もう,still / already; no longer,Aspectual adverbs that locate a situation relative to an expected change.,まだ / もう + predicate,Use まだ for continuation/non-completion and もう for change/completion.,"With negative predicates, もう often means 'no longer' and まだ means 'not yet'."
〜のに,although; despite,Marks a fact that contrasts with an unexpected result.,普通形 + のに,Use for concessive contrast and often speaker surprise/frustration.,な-adjectives/nouns use な before のに.
〜はず,should; expected to,Expresses an expectation based on reasoning or known facts.,普通形 + はずだ,Use when the speaker has grounds to expect something.,Negative and past forms express expected non-occurrence or failed expectation.
敬語,honorific language,System of Japanese forms used to manage social distance and respect.,尊敬語・謙譲語・丁寧語,Use according to the social relationship and whose actions are being described.,Not a single conjugation; it is a system of viewpoint and social positioning.
丁寧表現,courteous expressions,Polite formulae and choices used to make interaction appropriately respectful.,polite/courteous forms,"Use in formal service, institutional, and unfamiliar-person interactions.","Courtesy can involve vocabulary, set phrases, and indirectness as well as です／ます."
〜でしょうか,could it be; would you...,Very polite question ending using でしょうか.,clause + でしょうか,Use to make questions softer and more formal.,More deferential than plain ですか in many contexts.
尊敬語,honorific language for others,Raises the person whose action/state is being described.,honorific verb / お〜になる / れる・られる,Use for actions of people to whom respect is shown.,Do not use to elevate your own actions.
謙譲語,humble language,Lowers the speaker or in-group action relative to a respected other.,humble verb / お・ご〜する,Use for speaker/in-group actions connected to a respected person.,Viewpoint is crucial: the actor is usually the speaker or in-group.
お〜ください／ご〜ください,please do,Respectful request pattern built with honorific お/ご + verbal noun/stem + ください.,お + Vます-stem + ください / ご + VN + ください,Use for formal requests and instructions.,Choice of お or ご depends on lexical convention.
〜ても,even if; even though,Concessive conditional indicating the result holds despite the condition.,Vて / Aくて / N・Aで + も,Use when the main result is unaffected by the condition.,"Contrasts with のに, which presents an actual fact and unexpected outcome."
〜ようになる,come to; reach the point where,"Expresses a change into a new ability, habit, or state.",V辞書形 / Vない + ようになる,Use for gradual or achieved change not framed as a direct deliberate decision.,Often translates as 'come to be able to' or 'come to do'.
〜ことにする,decide to,Expresses a deliberate decision by the subject.,V辞書形 / Vない + ことにする,Use for a conscious decision.,〜ことにしている expresses an ongoing policy or repeated personal rule.
〜なら,if; if it is the case that,Conditional that takes a given/assumed topic or premise as the basis for a response.,普通形 / N + なら,"Use when responding to information, assumptions, or a topic under discussion.",Often suitable for advice based on the stated premise.
〜だろう,probably; I suppose,Expresses conjecture or probability.,普通形 + だろう,Use for inference/prediction; でしょう is the polite counterpart.,Strength varies with intonation and context.
〜時に,when; at the time when,Marks a time point with 時 plus に.,普通形 + 時に,Use when 時 functions as a time noun marked by に.,Whether に appears depends on the temporal structure of the sentence.
〜から（理由）,because; since,Explicitly presents a cause or reason.,普通形 + から,Use when the speaker states a reason directly.,Often more assertive/direct than 〜ので.
〜けれど／〜けど,but; although,Connects a clause to contrasting or background information.,普通形 + けれど／けど,"Use for contrast, softening, or leaving an implication unfinished.",けど is common in conversation; けれど is less casual.
〜なくて,not doing/being and; because not,Negative て-form used to connect states or causes.,Vなくて / Aくなくて,Use to link negative states or give a cause.,"Unlike 〜ないで, it does not normally mean 'without deliberately doing'."
〜そうだ（様態）,looks; seems likely,Expresses an impression based on appearance or immediate evidence.,Vます-stem / adjective stem + そうだ,Use for what appears likely or looks a certain way.,Formation differs from hearsay 〜そうだ.
〜ことができる,can; be able to,Expresses ability or possibility using a nominalized verb plus できる.,V辞書形 + ことができる,Use as an analytic alternative to the potential form.,Often more explicit/formal than the morphological potential.
〜だけ,only; just,Limits the scope to the marked item or amount.,N / clause + だけ,Use for neutral limitation.,"Unlike しか, it does not require a negative predicate."
〜の（名詞化）,the act/fact of; nominalizer,Turns a clause into a noun-like unit using の.,普通形 + の,Use especially for concrete/perceptual/eventive nominalization.,Often more conversational or immediate than こと.
行く,go,Basic motion verb whose deictic viewpoint also underlies auxiliary 〜ていく.,placeへ/に + 行く,Use for movement away from the speaker's current/reference viewpoint.,Japanese viewpoint may differ from English go/come choices.
来る,come,Basic motion verb whose deictic viewpoint also underlies auxiliary 〜てくる.,placeへ/に + 来る,Use for movement toward the speaker's current/reference viewpoint.,Japanese viewpoint may differ from English go/come choices.
あげる,give,Giving verb viewed from the giver toward another person.,giverが recipientに thingを あげる,Use for giving from the speaker/in-group outward.,Social relationship affects appropriateness.
くれる,give me/us,Giving verb for something given to the speaker or speaker's in-group.,giverが speaker/in-groupに thingを くれる,Use when the recipient is inside the speaker's viewpoint.,Encodes beneficiary viewpoint.
もらう,receive,Receiving verb viewed from the recipient.,recipientが giverに/から thingを もらう,Use when the recipient receives something or a favor.,Forms the basis of 〜てもらう.
Vます形＋に行く／来る,go/come to do,Uses a verb stem plus に with a motion verb to express purpose of movement.,Vます-stem + に + 行く／来る,Use when movement is made in order to perform the stem action.,The movement verb keeps its ordinary deictic viewpoint.
〜てもいい,may; it is okay to,Expresses permission.,Vて + もいい,Use to give or ask permission.,Question form 〜てもいいですか asks permission.
〜は（主題）,as for; topic marker,Marks the topic or a contrastive frame for the sentence.,N + は,Use to establish what the statement is about or to contrast alternatives.,Topic marking is not identical to grammatical subject marking.
〜が（主語）,subject marker,"Marks a grammatical subject, often introducing or identifying information.",N + が,"Use for subjects, especially focus/new information and many subordinate-clause subjects.",Choice between は and が depends on information structure as well as syntax.
